{"versioning":{"latest":"1.2.1"},"versions":{"0.9.6":["sea.js"],"1.0.0":["plugin-map.js","sea.js"],"1.0.1":["plugin-map.js","sea.js"],"1.0.2":["plugin-base.js","plugin-coffee.js","plugin-json.js","plugin-less.js","plugin-map.js","plugin-text.js","sea.js"],"1.1.0":["plugin-base.js","plugin-coffee.js","plugin-json.js","plugin-less.js","plugin-map.js","plugin-text.js","sea.js"],"1.1.8":["plugin-base.js","plugin-coffee.js","plugin-combo.js","plugin-json.js","plugin-less.js","plugin-text.js","sea.js"],"1.1.9":["plugin-base.js","plugin-coffee.js","plugin-combo.js","plugin-json.js","plugin-less.js","plugin-text.js","sea.js"],"1.2.1":["plugin-base.js","plugin-coffee.js","plugin-combo.js","plugin-i18n.js","plugin-json.js","plugin-less.js","plugin-reload.js","plugin-storage.js","plugin-text.js","sea.js"]},"name":"seajs","lastUpdated":1347608486857}