{"versioning":{"latest":"0.9.9"},"versions":{"0.9.10":["accordion.js","carousel.js","slide.js","src/accordion.js","src/carousel.js","src/const.js","src/plugins/autoplay.js","src/plugins/circular.js","src/plugins/effects.js","src/plugins/multiple.js","src/slide.js","src/switchable.js","src/tabs.js","switchable.js","tabs.js"],"0.9.9":["accordion.js","carousel.js","slide.js","src/accordion.js","src/carousel.js","src/const.js","src/plugins/autoplay.js","src/plugins/circular.js","src/plugins/effects.js","src/plugins/multiple.js","src/slide.js","src/switchable.js","src/tabs.js","switchable.js","tabs.js"]},"name":"switchable","lastUpdated":1347608486857}