{"async":{"0.1.15":["async.js"],"0.1.16":["async.js"],"0.1.18":["async.js"],"0.1.22":["async.js"]},"backbone":{"0.5.3":["backbone.js"],"0.9.1":["backbone.js"],"0.9.2":["backbone.js"]},"base":{"0.9.16":["aspect.js","attribute.js","base.js"],"1.0.0":["base.js","src/aspect.js","src/attribute.js","src/base.js"]},"class":{"0.9.2":["class.js"],"1.0.0":["class.js","src/class.js"]},"coffee":{"1.1.2":["coffee-script.js"],"1.1.3":["coffee-script.js"],"1.2.0":["coffee-script.js"],"1.3.1":["coffee-script.js"],"1.3.3":["coffee-script.js"]},"cookie":{"1.0.2":["cookie.js"]},"easing":{"1.0.0":["easing.js","src/easing.js"]},"es5-safe":{"0.9.2":["es5-safe.js"]},"events":{"0.9.1":["events.js"],"1.0.0":["events.js","src/events.js"]},"handlebars":{"1.0.0":["handlebars.js"]},"iscroll":{"4.1.9":["iscroll.js"]},"jasmine":{"1.1.0":["jasmine-html.js","jasmine.css","jasmine.js"]},"jasmine-jquery":{"1.4.2":["jasmine-jquery.js"]},"jquery":{"1.6.4":["jquery.js"],"1.7.0":["jquery.js"],"1.7.1":["jquery.js"],"1.7.2":["jquery.js"],"1.8.1":["jquery.js"]},"json":{"1.0.1":["json.js"],"1.0.2":["json.js"]},"labjs":{"2.0.3":["lab.js"]},"less":{"1.1.4":["less.js"],"1.1.5":["less.js"],"1.1.6":["less.js"],"1.2.2":["less.js"],"1.3.0":["less.js"]},"marked":{"0.2.4":["marked.js"]},"moment":{"1.6.1":["moment.js"],"1.6.2":["moment.js"]},"mustache":{"0.4.0":["mustache.js"],"0.5.0":["mustache.js"]},"querystring":{"1.0.1":["querystring.js"],"1.0.2":["querystring.js"]},"raphael":{"2.1.0":["raphael.js"]},"seajs":{"0.9.6":["sea.js"],"1.0.0":["plugin-map.js","sea.js"],"1.0.1":["plugin-map.js","sea.js"],"1.0.2":["plugin-base.js","plugin-coffee.js","plugin-json.js","plugin-less.js","plugin-map.js","plugin-text.js","sea.js"],"1.1.0":["plugin-base.js","plugin-coffee.js","plugin-json.js","plugin-less.js","plugin-map.js","plugin-text.js","sea.js"],"1.1.8":["plugin-base.js","plugin-coffee.js","plugin-combo.js","plugin-json.js","plugin-less.js","plugin-text.js","sea.js"],"1.1.9":["plugin-base.js","plugin-coffee.js","plugin-combo.js","plugin-json.js","plugin-less.js","plugin-text.js","sea.js"],"1.2.1":["plugin-base.js","plugin-coffee.js","plugin-combo.js","plugin-i18n.js","plugin-json.js","plugin-less.js","plugin-reload.js","plugin-storage.js","plugin-text.js","sea.js"]},"socketio":{"0.9.6":["WebSocketMain.swf","WebSocketMainInsecure.swf","socketio.js"]},"store":{"1.3.3":["store.js"]},"swfobject":{"2.2.0":["expressInstall.swf","swfobject.js"]},"switchable":{"0.9.10":["accordion.js","carousel.js","slide.js","src/accordion.js","src/carousel.js","src/const.js","src/plugins/autoplay.js","src/plugins/circular.js","src/plugins/effects.js","src/plugins/multiple.js","src/slide.js","src/switchable.js","src/tabs.js","switchable.js","tabs.js"],"0.9.9":["accordion.js","carousel.js","slide.js","src/accordion.js","src/carousel.js","src/const.js","src/plugins/autoplay.js","src/plugins/circular.js","src/plugins/effects.js","src/plugins/multiple.js","src/slide.js","src/switchable.js","src/tabs.js","switchable.js","tabs.js"]},"underscore":{"1.2.0":["underscore.js"],"1.2.1":["underscore.js"],"1.2.2":["underscore.js"],"1.2.3":["underscore.js"],"1.3.1":["underscore.js"],"1.3.3":["underscore.js"]},"widget":{"0.9.16":["ast-printer-mobile.js","ast-printer.js","auto-render-mobile.js","auto-render.js","daparser-mobile.js","daparser.js","templatable-mobile.js","templatable.js","widget-mobile.js","widget.js"],"1.0.0":["src/auto-render.js","src/daparser.js","src/templatable.js","src/widget.js","templatable.js","widget.js"]},"zepto":{"0.8.0":["zepto.js"],"1.0.0":["zepto.js"]},"alipay":{"seajs":["1.2.1","1.2.1/plugin-base.js","1.2.1/plugin-coffee.js","1.2.1/plugin-combo.js","1.2.1/plugin-i18n.js","1.2.1/plugin-json.js","1.2.1/plugin-less.js","1.2.1/plugin-reload.js","1.2.1/plugin-storage.js","1.2.1/plugin-text.js","1.2.1/sea.js","1.2.1/src/bootstrap.js","1.2.1/src/config.js","1.2.1/src/module.js","1.2.1/src/plugins/plugin-base.js","1.2.1/src/plugins/plugin-coffee.js","1.2.1/src/plugins/plugin-combo.js","1.2.1/src/plugins/plugin-i18n.js","1.2.1/src/plugins/plugin-json.js","1.2.1/src/plugins/plugin-less.js","1.2.1/src/plugins/plugin-reload.js","1.2.1/src/plugins/plugin-storage.js","1.2.1/src/plugins/plugin-text.js","1.2.1/src/prepare.js","1.2.1/src/sea.js","1.2.1/src/util-deps.js","1.2.1/src/util-fetch.js","1.2.1/src/util-lang.js","1.2.1/src/util-log.js","1.2.1/src/util-path.js"]},"jquery-color":{"2.1.0":["jquery-color.js"]}}